[
  {
    "model": "machines.machine",
    "pk": "11111111-1111-1111-1111-111111111111",
    "fields": {
      "name": "Pump A",
      "model": "P-100",
      "serial_number": "SN100",
      "status": "active",
      "location": "Plant 1"
    }
  },
  {
    "model": "machines.part",
    "pk": "22222222-2222-2222-2222-222222222222",
    "fields": {
      "name": "Filter",
      "part_number": "F-01",
      "quantity_in_stock": 10,
      "machine": "11111111-1111-1111-1111-111111111111"
    }
  }
]